Altitude (m),Thrust (N),Drag (N),Gravity (N)
0.01,[63639.57394131 63639.57394131],[-63.77959214 -63.77959214],[     0. -24525.]
3.701737083329395,[64454.88923445 62786.47328546],[-72.31093263 -70.43916286],[     0. -24525.]
7.546238303149185,[65225.82424789 61956.51057014],[-81.44278044 -77.36062434],[     0. -24525.]
11.540156122752176,[65956.14063849 61148.27606968],[-91.1819298  -84.53523451],[     0. -24525.]
15.680228905695877,[66649.13753663 60360.50075964],[-101.53464959  -91.95441262],[     0. -24525.]
19.96327587402766,[67307.72552445 59592.03688905],[-112.50671851  -99.60973227],[     0. -24525.]
24.38619255098654,[67934.48622581 58841.84194015],[-124.1034563  -107.49291509],[     0. -24525.]
28.94594662404563,[68531.72076886 58108.9652706 ],[-136.32975183 -115.5958252 ],[     0. -24525.]
33.63957417488635,[69101.48954535 57392.5369019 ],[-149.19008828 -123.9104642 ],[     0. -24525.]
38.46417623147785,[69645.64509283 56691.758041  ],[-162.68856598 -132.42896676],[     0. -24525.]
43.416915604366324,[70165.859491   56005.89301418],[-176.82892325 -141.14359646],[     0. -24525.]
48.49501397492566,[70663.64734386 55334.26236043],[-191.61455536 -150.04674223],[     0. -24525.]
53.695749207957796,[71140.38518107 54676.2368843 ],[-207.04853202 -159.13091495],[     0. -24525.]
59.01645286486737,[71597.32793318 54031.23250776],[-223.1336135  -168.38874438],[     0. -24525.]
64.45450789683048,[72035.62299867 53398.70579202],[-239.87226549 -177.8129764 ],[     0. -24525.]
70.00734650005606,[72456.32231645 52778.15002429],[-257.26667296 -187.39647042],[     0. -24525.]
75.67244811749713,[72860.3927762  52169.09178351],[-275.31875309 -197.13219696],[     0. -24525.]
81.44733757328436,[73248.72523591 51571.08791444],[-294.03016728 -207.01323549],[     0. -24525.]
87.32958332778742,[73622.14236579 50983.72285151],[-313.40233248 -217.0327723 ],[     0. -24525.]
93.3167958426073,[73981.40549858 50406.60624355],[-333.43643181 -227.18409866],[     0. -24525.]
99.40662604600675,[74327.2206345 49839.3708387],[-354.13342457 -237.46060895],[     0. -24525.]
105.59676389032516,[74660.24372377 49281.67059487],[-375.49405569 -247.85579902],[     0. -24525.]
111.884936993827,[74981.08532932 48733.17898691],[-397.5188647  -258.36326453],[     0. -24525.]
118.26890936021833,[75290.31475531 48193.58748548],[-420.20819418 -268.97669952],[     0. -24525.]
124.74648016975351,[75588.46371391 47662.60418683],[-443.5621979  -279.68989489],[     0. -24525.]
131.31548263645644,[75876.02959104 47139.95257511],[-467.58084844 -290.49673711],[     0. -24525.]
137.97378292651138,[76153.47836316 46625.37040197],[-492.26394456 -301.39120686],[     0. -24525.]
144.71927913334673,[76421.24720886 46118.60866975],[-517.61111818 -312.36737785],[     0. -24525.]
151.5499003053497,[76679.74685328 45619.43070687],[-543.6218411  -323.41941554],[     0. -24525.]
158.46360552251798,[76929.36367736 45127.61132519],[-570.2954314  -334.54157605],[     0. -24525.]
165.45838301868284,[77170.46162007 44642.93605055],[-597.63105965 -345.72820503],[     0. -24525.]
172.53224934622975,[77403.38389749 44165.20041888],[-625.62775474 -356.9737366 ],[     0. -24525.]
179.68324858050576,[77628.45455965 43694.20933098],[-654.28440966 -368.27269227],[     0. -24525.]
186.90945156133662,[77845.9799032 43229.7764602],[-683.59978693 -379.61967996],[     0. -24525.]
194.20895516928843,[78056.24975579 42771.72370762],[-713.57252389 -391.00939301],[     0. -24525.]
201.57988163449866,[78259.53864583 42319.88070026],[-744.20113782 -402.43660919],[     0. -24525.]
209.02037787607318,[78456.10686982 41874.08432812],[-775.48403082 -413.89618982],[     0. -24525.]
216.52861487020087,[78646.20146788 41434.17831635],[-807.41949456 -425.38307877],[     0. -24525.]
224.1027870452789,[78830.05711669 41000.01282956],[-840.00571494 -436.89230161],[     0. -24525.]
231.74111170246874,[79007.89694833 40571.44410505],[-873.24077647 -448.4189647 ],[     0. -24525.]
239.44182846021997,[79179.93330211 40148.33411257],[-907.12266661 -459.95825434],[     0. -24525.]
247.2031987214041,[79346.36841597 39730.55023833],[-941.64927992 -471.50543585],[     0. -24525.]
255.0235051617982,[79507.39506323 39317.96499104],[-976.81842216 -483.05585279],[     0. -24525.]
262.9010512387453,[79663.19713974 38910.45572814],[-1012.62781414  -494.60492606],[     0. -24525.]
270.8341607189007,[79813.95020602 38507.90440065],[-1049.07509559  -506.14815312],[     0. -24525.]
278.8211772240462,[79959.82198856 38110.19731502],[-1086.15782886  -517.68110713],[     0. -24525.]
286.8604637940233,[80100.97284379 37717.2249106 ],[-1123.87350245  -529.19943614],[     0. -24525.]
294.9504024658982,[80237.5561881  37328.88155152],[-1162.21953459  -540.69886229],[     0. -24525.]
303.08939386853007,[80369.71889688 36945.06533187],[-1201.19327656  -552.175181  ],[     0. -24525.]
311.2758568317654,[80497.60167515 36565.67789314],[-1240.79201605  -563.62426019],[     0. -24525.]
319.5082280095325,[80621.33940217 36190.62425289],[-1281.01298034  -575.04203947],[     0. -24525.]
327.7849615161533,[80741.06145235 35819.81264404],[-1321.85333941  -586.42452934],[     0. -24525.]
336.10452857523296,[80856.89199415 35453.15436372],[-1363.31020903  -597.76781044],[     0. -24525.]
344.4654171805257,[80968.95026895 35090.56363117],[-1405.38065368  -609.06803275],[     0. -24525.]
352.86613176821214,[81077.35085146 34731.95745401],[-1448.06168946  -620.32141481],[     0. -24525.]
361.30519290005543,[81182.20389299 34377.2555022 ],[-1491.35028686  -631.52424295],[     0. -24525.]
369.7811369569357,[81283.61534908 34026.37998923],[-1535.24337354  -642.67287054],[     0. -24525.]
378.29251584229075,[81381.68719256 33679.25556005],[-1579.73783697  -653.76371718],[     0. -24525.]
386.83789669501726,[81476.51761321 33335.80918522],[-1624.83052703  -664.79326798],[     0. -24525.]
395.41586161141277,[81568.20120508 32995.9700609 ],[-1670.51825851  -675.75807275],[     0. -24525.]
404.0250073757608,[81656.82914212 32659.66951426],[-1716.79781364  -686.6547453 ],[     0. -24525.]
412.66394519918475,[81742.4893434  32326.84091404],[-1763.66594443  -697.47996261],[     0. -24525.]
421.3313004664144,[81825.2666282  31997.41958578],[-1811.11937502  -708.23046414],[     0. -24525.]
430.0257124901306,[81905.24286209 31671.34273156],[-1859.154804    -718.90305103],[     0. -24525.]
438.74583427256897,[81982.49709435 31348.54935389],[-1907.76890659  -729.49458535],[     0. -24525.]
447.4903322740815,[82057.10568749 31028.98018348],[-1956.95833683  -740.0019894 ],[     0. -24525.]
456.25788618837026,[82129.14243939 30712.57761074],[-2006.71972966  -750.42224489],[     0. -24525.]
465.04718872412246,[82198.67869845 30399.28562063],[-2057.04970304  -760.75239224],[     0. -24525.]
473.85694539278825,[82265.78347242 30089.04973084],[-2107.94485988  -770.98952981],[     0. -24525.]
482.6858743022581,[82330.5235311  29781.81693291],[-2159.40179005  -781.13081319],[     0. -24525.]
491.53270595620694,[82392.96350353 29477.53563627],[-2211.41707228  -791.17345442],[     0. -24525.]
500.39618305888314,[82453.16596986 29176.15561499],[-2263.98727597  -801.11472127],[     0. -24525.]
509.27506032513423,[82511.19154829 28877.62795698],[-2317.10896306  -810.95193653],[     0. -24525.]
518.1681042954672,[82567.09897753 28581.90501563],[-2370.77868976  -820.6824772 ],[     0. -24525.]
527.0740931559538,[82620.94519478 28288.94036377],[-2424.99300827  -830.30377384],[     0. -24525.]
535.9918165628002,[82672.78540978 27998.68874959],[-2479.74846844  -839.8133098 ],[     0. -24525.]
544.9200754714057,[82722.67317506 27711.10605475],[-2535.04161944  -849.20862048],[     0. -24525.]
553.8576819697482,[82770.66045255 27426.14925426],[-2590.86901129  -858.48729264],[     0. -24525.]
562.8034591159372,[82816.79767694 27143.77637821],[-2647.22719647  -867.64696365],[     0. -24525.]
571.7562407797845,[82861.13381582 26863.94647519],[-2704.11273137  -876.68532077],[     0. -24525.]
580.7148714882495,[82903.71642688 26586.61957731],[-2761.52217778  -885.60010045],[     0. -24525.]
589.678206274622,[82944.59171235 26311.75666675],[-2819.45210431  -894.38908759],[     0. -24525.]
598.645110531311,[82983.80457077 26039.31964375],[-2877.89908778  -903.05011486],[     0. -24525.]
607.6144598661157,[83021.3986463  25769.27129595],[-2936.85971458  -911.58106196],[     0. -24525.]
616.5851399618563,[83057.41637573 25501.57526904],[-2996.33058195  -919.97985491],[     0. -24525.]
625.5560464392534,[83091.89903323 25236.19603868],[-3056.3082993   -928.24446538],[     0. -24525.]
634.5260847229437,[83124.88677306 24973.09888349],[-3116.78948942  -936.37290997],[     0. -24525.]
643.4941699105281,[83156.41867031 24712.24985926],[-3177.77078973  -944.36324949],[     0. -24525.]
652.4592266445516,[83186.53275975 24453.61577414],[-3239.24885339  -952.2135883 ],[     0. -24525.]
661.4201889873184,[83215.266073   24197.16416485],[-3301.22035051  -959.92207362],[     0. -24525.]
670.3760002984502,[83242.65467394 23942.86327389],[-3363.6819692  -967.4868948],[     0. -24525.]
679.3256131150983,[83268.73369266 23690.68202756],[-3426.6304167   -974.90628268],[     0. -24525.]
688.267989034726,[83293.53735779 23440.59001496],[-3490.06242039  -982.1785089 ],[     0. -24525.]
697.202098600378,[83317.09902755 23192.55746773],[-3553.97472883  -989.3018852 ],[     0. -24525.]
706.12692118836,[83339.45121938 22946.55524059],[-3618.3641127   -996.27476277],[     0. -24525.]
715.0414448982534,[83360.62563832 22702.55479268],[-3683.22736585 -1003.09553157],[     0. -24525.]
723.9446664451912,[83380.65320418 22460.52816951],[-3748.56130611 -1009.76261969],[     0. -24525.]
732.8355910543282,[83399.56407761 22220.44798573],[-3814.36277629 -1016.27449264],[     0. -24525.]
741.7132323574376,[83417.38768505 21982.2874084 ],[-3880.628645   -1022.62965273],[     0. -24525.]
750.5766122915697,[83434.15274263 21746.020141  ],[-3947.35580752 -1028.8266384 ],[     0. -24525.]
759.4247609997122,[83449.88727911 21511.62040798],[-4014.54118659 -1034.86402359],[     0. -24525.]
768.2567167333923,[83464.61865792 21279.06293984],[-4082.18173324 -1040.74041708],[     0. -24525.]
777.0715257571634,[83478.37359828 21048.32295884],[-4150.27442754 -1046.45446184],[     0. -24525.]
785.8682422549225,[83491.17819546 20819.37616518],[-4218.81627935 -1052.0048344 ],[     0. -24525.]
794.6459282380047,[83503.05794027 20592.19872361],[-4287.80432902 -1057.39024425],[     0. -24525.]
803.4036534550042,[83514.0377378  20366.76725066],[-4357.23564813 -1062.60943316],[     0. -24525.]
812.1404953032738,[83524.14192534 20143.05880217],[-4427.1073401 -1067.6611746],[     0. -24525.]
820.8555387420538,[83533.39428974 19921.05086139],[-4497.4165409  -1072.54427308],[     0. -24525.]
829.547876207187,[83541.81808399 19700.72132737],[-4568.16041965 -1077.25756358],[     0. -24525.]
838.2166075273753,[83549.43604326 19482.04850384],[-4639.33617922 -1081.79991092],[     0. -24525.]
846.8608398419353,[83556.27040023 19265.01108842],[-4710.94105683 -1086.17020915],[     0. -24525.]
855.4796875200124,[83562.34289997 19049.58816223],[-4782.97232461 -1090.36738096],[     0. -24525.]
864.0722720812145,[83567.67481416 18835.75917985],[-4855.42729012 -1094.39037708],[     0. -24525.]
872.6377221176276,[83572.28695486 18623.50395956],[-4928.30329692 -1098.2381757 ],[     0. -24525.]
881.1751732171763,[83576.19968773 18412.80267398],[-5001.59772504 -1101.90978185],[     0. -24525.]
889.6837678882935,[83579.43294481 18203.63584098],[-5075.30799146 -1105.40422688],[     0. -24525.]
898.162655485867,[83582.0062368  17995.98431488],[-5149.4315506  -1108.72056783],[     0. -24525.]
906.6109921384289,[83583.93866495 17789.82927794],[-5223.96589475 -1111.85788688],[     0. -24525.]
915.0279406765549,[83585.24893247 17585.15223219],[-5298.90855451 -1114.8152908 ],[     0. -24525.]
923.4126705624465,[83585.95535559 17381.9349914 ],[-5374.2570992  -1117.59191036],[     0. -24525.]
931.7643578206622,[83586.0758742  17180.15967339],[-5450.00913725 -1120.18689979],[     0. -24525.]
940.0821849699723,[83585.62806216 16979.8086926 ],[-5526.16231658 -1122.59943623],[     0. -24525.]
948.3653409563078,[83584.62913721 16780.86475281],[-5602.71432497 -1124.82871919],[     0. -24525.]
956.6130210867778,[83583.09597059 16583.31084016],[-5679.66289041 -1126.87396997],[     0. -24525.]
964.8244269647287,[83581.04509626 16387.13021639],[-5757.0057814  -1128.73443121],[     0. -24525.]
972.9987664258202,[83578.49271993 16192.3064122 ],[-5834.74080731 -1130.40936625],[     0. -24525.]
981.1352534750956,[83575.45472766 15998.82322091],[-5912.86581865 -1131.8980587 ],[     0. -24525.]
989.2331082250198,[83571.94669426 15806.66469229],[-5991.37870737 -1133.19981188],[     0. -24525.]
997.2915568344656,[83567.98389139 15615.81512651],[-6070.27740714 -1134.31394827],[     0. -24525.]
1005.3098314486244,[83563.58129538 15426.2590684 ],[-6149.55989358 -1135.23980907],[     0. -24525.]
1013.2871701398205,[83558.75359484 15237.98130174],[-6229.22418454 -1135.97675366],[     0. -24525.]
1021.222816849209,[83553.51519795 15050.96684379],[-6309.2683403  -1136.52415908],[     0. -24525.]
1029.1160213293363,[83547.8802396  14865.20094003],[-6389.69046383 -1136.88141958],[     0. -24525.]
1036.9660390875454,[83541.86258827 14680.66905894],[-6470.48870096 -1137.04794609],[     0. -24525.]
1044.7721313302059,[83535.47585268 14497.356887  ],[-6551.66124059 -1137.02316576],[     0. -24525.]
1052.5335649077513,[83528.73338822 14315.25032386],[-6633.20631488 -1136.80652149],[     0. -24525.]
1060.2496122605062,[83521.64830326 14134.33547756],[-6715.12219941 -1136.3974714 ],[     0. -24525.]
1067.9195513652858,[83514.23346517 13954.59865998],[-6797.40721335 -1135.79548845],[     0. -24525.]
1075.5426656827515,[83506.5015062  13776.02638236],[-6880.05971961 -1135.00005988],[     0. -24525.]
1083.118244105507,[83498.46482918 13598.60535097],[-6963.07812497 -1134.01068682],[     0. -24525.]
1090.6455809069193,[83490.13561308 13422.32246289],[-7046.46088024 -1132.82688382],[     0. -24525.]
1098.123975690648,[83481.5258183  13247.16480189],[-7130.20648032 -1131.44817839],[     0. -24525.]
1105.5527333408704,[83472.64719195 13073.1196345 ],[-7214.31346437 -1129.87411054],[     0. -24525.]
1112.9311639731889,[83463.51127284 12900.17440608],[-7298.78041589 -1128.10423239],[     0. -24525.]
1120.258582886202,[83454.12939642 12728.31673708],[-7383.6059628  -1126.13810768],[     0. -24525.]
1127.5343105137329,[83444.51269949 12557.53441935],[-7468.78877752 -1123.97531138],[     0. -24525.]
1134.7576723776956,[83434.67212487 12387.81541258],[-7554.32757707 -1121.61542926],[     0. -24525.]
1141.9279990415914,[83424.61842587 12219.14784084],[-7640.22112312 -1119.05805746],[     0. -24525.]
1149.0446260646208,[83414.36217063 12051.51998919],[-7726.46822205 -1116.30280207],[     0. -24525.]
1156.1068939563988,[83403.91374638 11884.92030035],[-7813.06772498 -1113.34927873],[     0. -24525.]
1163.1141481322632,[83393.28336353 11719.33737157],[-7900.01852785 -1110.19711223],[     0. -24525.]
1170.065738869165,[83382.48105973 11554.75995144],[-7987.31957141 -1106.8459361 ],[     0. -24525.]
1176.961021262128,[83371.51670367 11391.17693687],[-8074.9698413  -1103.29539223],[     0. -24525.]
1183.7993551812697,[83360.39999895 11228.57737014],[-8162.96836802 -1099.54513044],[     0. -24525.]
1190.5801052293702,[83349.1404877  11066.95043601],[-8251.31422697 -1095.59480815],[     0. -24525.]
1197.3026406999822,[83337.7475542  10906.28545888],[-8340.00653846 -1091.44408995],[     0. -24525.]
1203.96633553607,[83326.23042833 10746.5719001 ],[-8429.0444677  -1087.09264724],[     0. -24525.]
1210.570568289169,[83314.59818898 10587.79935524],[-8518.4272248  -1082.54015789],[     0. -24525.]
1217.1147220790574,[83302.85976733 10429.95755152],[-8608.15406475 -1077.78630581],[     0. -24525.]
1223.5981845539288,[83291.0239501  10273.03634525],[-8698.22428744 -1072.83078063],[     0. -24525.]
1230.0203478510587,[83279.09938263 10117.02571937],[-8788.63723758 -1067.67327733],[     0. -24525.]
1236.3806085579565,[83267.09457194  9961.91578103],[-8879.39230472 -1062.31349588],[     0. -24525.]
1242.6783676739951,[83255.01788973  9807.6967592 ],[-8970.48892319 -1056.7511409 ],[     0. -24525.]
1248.9130305725068,[83242.87757521  9654.35900243],[-9061.9265721  -1050.98592131],[     0. -24525.]
1255.0840069633432,[83230.68173796  9501.89297654],[-9153.70477525 -1045.01754998],[     0. -24525.]
1261.1907108558858,[83218.43836065  9350.28926246],[-9245.82310112 -1038.84574342],[     0. -24525.]
1267.2325605225044,[83206.15530173  9199.53855411],[-9338.28116281 -1032.4702214 ],[     0. -24525.]
1273.2089784624538,[83193.84029804  9049.63165627],[-9431.07861798 -1025.89070667],[     0. -24525.]
1279.1193913662016,[83181.50096731  8900.55948258],[-9524.21516879 -1019.1069246 ],[     0. -24525.]
1284.9632300801813,[83169.1448107  8752.3130535],[-9617.69056187 -1012.11860289],[     0. -24525.]
1290.7399295719636,[83156.77921516  8604.88349443],[-9711.50458819 -1004.92547121],[     0. -24525.]
1296.4489288958387,[83144.41145583  8458.26203376],[-9805.65708307  -997.52726094],[     0. -24525.]
1302.089671158805,[83132.04869832  8312.44000103],[-9900.14792605  -989.92370482],[     0. -24525.]
1307.6616034869562,[83119.69800094  8167.40882514],[-9994.97704083  -982.11453667],[     0. -24525.]
1313.1641769922612,[83107.36631693  8023.16003251],[-10090.14439519   -974.09949107],[     0. -24525.]
1318.5968467397322,[83095.06049657  7879.68524545],[-10185.65000094   -965.87830309],[     0. -24525.]
1323.9590717149724,[83082.78728926  7736.97618037],[-10281.49391379   -957.45070796],[     0. -24525.]
1329.2503147921022,[83070.55334559  7595.02464618],[-10377.67623328   -948.81644081],[     0. -24525.]
1334.4700427020537,[83058.36521927  7453.82254268],[-10474.1971027    -939.97523638],[     0. -24525.]
1339.6177260012303,[83046.22936917  7313.36185894],[-10571.05670902   -930.92682873],[     0. -24525.]
1344.6928390405276,[83034.1521611   7173.63467175],[-10668.25528272   -921.67095095],[     0. -24525.]
1349.6948599347083,[83022.13986977  7034.63314418],[-10765.7930978    -912.20733491],[     0. -24525.]
1354.623270532126,[83010.19868053  6896.34952399],[-10863.67047159   -902.53571099],[     0. -24525.]
1359.477556384796,[82998.33469118  6758.77614229],[-10961.88776472   -892.65580779],[     0. -24525.]
1364.2572067188037,[82986.55391368  6621.90541204],[-11060.44538097   -882.56735186],[     0. -24525.]
1368.9617144050521,[82974.86227585  6485.7298267 ],[-11159.34376719   -872.27006749],[     0. -24525.]
1373.5905759303375,[82963.26562301  6350.24195889],[-11258.58341321   -861.76367638],[     0. -24525.]
1378.143291368753,[82951.76971963  6215.434459  ],[-11358.16485171   -851.04789746],[     0. -24525.]
1382.6193643534143,[82940.38025086  6081.30005398],[-11458.08865813   -840.12244656],[     0. -24525.]
1387.0183020485056,[82929.10282413  5947.83154597],[-11558.35545055   -828.98703624],[     0. -24525.]
1391.3396151216357,[82917.94297061  5815.02181113],[-11658.9658896    -817.64137549],[     0. -24525.]
1395.5828177165083,[82906.90614675  5682.86379838],[-11759.92067835   -806.08516951],[     0. -24525.]
1399.7474274258964,[82895.99773565  5551.3505282 ],[-11861.22056217   -794.31811947],[     0. -24525.]
1403.8329652649195,[82885.22304854  5420.47509149],[-11962.86632866   -782.33992227],[     0. -24525.]
1407.8389556446193,[82874.58732616  5290.2306484 ],[-12064.85880752   -770.15027032],[     0. -24525.]
1411.7649263458316,[82864.09574006  5160.6104272 ],[-12167.19887042   -757.74885129],[     0. -24525.]
1415.6104084933474,[82853.753394    5031.60772319],[-12269.88743095   -745.1353479 ],[     0. -24525.]
1419.3749365303645,[82843.5653252   4903.21589763],[-12372.92544442   -732.30943769],[     0. -24525.]
1423.0580481932213,[82833.53650564  4775.42837665],[-12476.31390784   -719.27079278],[     0. -24525.]
1426.6592844864135,[82823.6718433   4648.23865024],[-12580.05385972   -706.01907971],[     0. -24525.]
1430.178189657888,[82813.97618335  4521.64027124],[-12684.14638002   -692.55395914],[     0. -24525.]
1433.6143111746107,[82804.45430939  4395.6268543 ],[-12788.59259003   -678.87508572],[     0. -24525.]
1436.967199698408,[82795.11094461  4270.19207495],[-12893.39365223   -664.98210782],[     0. -24525.]
1440.2364090620736,[82785.95075291  4145.32966861],[-12998.55077018   -650.87466734],[     0. -24525.]
1443.4214962457443,[82776.97834005  4021.03342968],[-13104.06518844   -636.55239952],[     0. -24525.]
1446.5220213535356,[82768.19825475  3897.29721056],[-13209.93819243   -622.01493272],[     0. -24525.]
1449.5375475904384,[82759.61498975  3774.11492082],[-13316.17110834   -607.26188823],[     0. -24525.]
1452.4676412394715,[82751.23298289  3651.48052627],[-13422.76530297   -592.29288007],[     0. -24525.]
1455.3118716390893,[82743.05661814  3529.38804807],[-13529.7221837    -577.10751476],[     0. -24525.]
1458.0698111608403,[82735.0902266   3407.83156191],[-13637.04319829   -561.70539121],[     0. -24525.]
1460.7410351872743,[82727.33808751  3286.80519718],[-13744.72983485   -546.08610043],[     0. -24525.]
1463.3251220900952,[82719.80442925  3166.3031361 ],[-13852.78362169   -530.24922541],[     0. -24525.]
1465.821653208559,[82712.49343024  3046.31961294],[-13961.20612718   -514.19434092],[     0. -24525.]
1468.2302128281108,[82705.40921996  2926.84891324],[-14069.99895974   -497.92101331],[     0. -24525.]
1470.5503881592622,[82698.55587978  2807.885373  ],[-14179.16376762   -481.42880031],[     0. -24525.]
1472.7817693167044,[82691.93744393  2689.42337793],[-14288.70223886   -464.71725091],[     0. -24525.]
1474.9239492986546,[82685.55790038  2571.4573627 ],[-14398.6161012    -447.78590514],[     0. -24525.]
1476.9765239664353,[82679.42119169  2453.98181019],[-14508.9071219    -430.63429388],[     0. -24525.]
1478.939092024281,[82673.53121585  2336.9912508 ],[-14619.57710771   -413.26193872],[     0. -24525.]
1480.8112549993753,[82667.89182717  2220.48026168],[-14730.62790474   -395.66835178],[     0. -24525.]
1482.592617222109,[82662.50683705  2104.44346607],[-14842.06139835   -377.85303553],[     0. -24525.]
1484.282785806565,[82657.38001483  1988.87553262],[-14953.87951307   -359.81548261],[     0. -24525.]
1485.881370631221,[82652.51508855  1873.77117467],[-15066.08421246   -341.55517569],[     0. -24525.]
1487.3879843198729,[82647.91574573  1759.12514964],[-15178.67749908   -323.0715873 ],[     0. -24525.]
1488.802242222774,[82643.58563416  1644.93225833],[-15291.66141433   -304.36417964],[     0. -24525.]
1490.12376239799,[82639.52836262  1531.18734431],[-15405.03803838   -285.43240445],[     0. -24525.]
1491.3521655929655,[82635.74750164  1417.88529328],[-15518.80949006   -266.27570283],[     0. -24525.]
1492.4870752263027,[82632.24658422  1305.02103243],[-15632.97792681   -246.89350511],[     0. -24525.]
1493.5281173697492,[82629.0291065   1192.58952988],[-15747.54554454   -227.28523064],[     0. -24525.]
1494.4749207303928,[82626.09852852  1080.58579401],[-15862.51457754   -207.45028768],[     0. -24525.]
1495.3271166330617,[82623.45827488   969.00487294],[-15977.88729843   -187.38807325],[     0. -24525.]
1496.0843390029293,[82621.11173538   857.84185389],[-16093.66601803   -167.09797294],[     0. -24525.]
1496.7462243483205,[82619.06226574   747.09186266],[-16209.85308531   -146.57936078],[     0. -24525.]
1497.3124117437194,[82617.3131882    636.75006304],[-16326.45088727   -125.8315991 ],[     0. -24525.]
1497.782542812974,[82615.86779219   526.81165626],[-16443.46184886   -104.85403837],[     0. -24525.]
1498.1562617127004,[82614.72933495   417.27188044],[-16560.88843294    -83.64601705],[     0. -24525.]
1498.43321511588,[82613.90104214   308.12601008],[-16678.73314012    -62.20686145],[     0. -24525.]
1498.6130521956545,[82613.38610844   199.36935552],[-16796.99850878    -40.53588559],[     0. -24525.]
1498.6954246093087,[82613.18769817    90.9972624 ],[-16915.68711488    -18.63239105],[     0. -24525.]
1498.6799864824482,[ 8.26133089e+04 -1.69948888e+01],[-1.70348016e+04  3.50433317e+00],[     0. -24525.]
1498.566394393365,[82613.75295684  -124.61168333],[-17154.34453111     25.87501078],[     0. -24525.]
1498.3543073575918,[82614.52280776  -231.85767259],[-17274.3186807      48.48037837],[     0. -24525.]
1498.0433868126415,[82615.62154722  -338.73737466],[-17394.72674654     71.32118552],[     0. -24525.]
1497.633296602935,[82617.05219625  -445.25527479],[-17515.57149165     94.39819493],[     0. -24525.]
1497.1237029649087,[82618.81774891  -551.41582584],[-17636.85571627    117.71218259],[     0. -24525.]
1496.5142745123096,[82620.92117275  -657.22344876],[-17758.58225775    141.26393788],[     0. -24525.]
1495.804682221667,[82623.36540941  -762.68253304],[-17880.75399051    165.05426375],[     0. -24525.]
1494.9945994179473,[82626.15337506  -867.7974372 ],[-18003.37382596    189.08397679],[     0. -24525.]
1494.0837017603858,[82629.28796095  -972.57248916],[-18126.44471243    213.35390742],[     0. -24525.]
1493.0716672284975,[82632.77203389 -1077.01198674],[-18249.96963511    237.86489998],[     0. -24525.]
1491.958176108262,[82636.60843674 -1181.12019807],[-18373.95161601    262.61781289],[     0. -24525.]
1490.742910978486,[82640.79998889 -1284.90136201],[-18498.39371387    287.61351876],[     0. -24525.]
1489.4255566973368,[82645.34948674 -1388.3596886 ],[-18623.29902413    312.85290454],[     0. -24525.]
1488.0058003890515,[82650.25970414 -1491.49935941],[-18748.67067883    338.33687162],[     0. -24525.]
1486.483331430815,[82655.53339288 -1594.32452801],[-18874.51184661    364.06633599],[     0. -24525.]
1484.8578414398105,[82661.17328314 -1696.83932035],[-19000.82573261    390.04222831],[     0. -24525.]
1483.1290242604377,[82667.18208388 -1799.04783513],[-19127.61557843    416.26549412],[     0. -24525.]
1481.2965759517008,[82673.56248335 -1900.95414424],[-19254.88466211    442.73709389],[     0. -24525.]
1479.3601947747625,[82680.31714948 -2002.56229309],[-19382.63629801    469.45800318],[     0. -24525.]
1477.3195811806645,[82687.4487303  -2103.87630104],[-19510.87383684    496.42921276],[     0. -24525.]
1475.1744377982134,[82694.95985437 -2204.90016173],[-19639.60066556    523.65172872],[     0. -24525.]
1472.9244694220301,[82702.85313118 -2305.63784349],[-19768.82020735    551.12657261],[     0. -24525.]
1470.5693830007635,[82711.13115157 -2406.09328965],[-19898.53592156    578.85478155],[     0. -24525.]
1468.1088876254646,[82719.7964881  -2506.27041898],[-20028.75130368    606.83740837],[     0. -24525.]
1465.5426945181232,[82728.85169547 -2606.17312595],[-20159.46988527    635.07552168],[     0. -24525.]
1462.8705170203646,[82738.2993109  -2705.80528116],[-20290.69523397    663.57020606],[     0. -24525.]
1460.0920705823055,[82748.14185448 -2805.17073162],[-20422.43095339    692.32256212],[     0. -24525.]
1457.2070727515686,[82758.38182959 -2904.27330116],[-20554.68068314    721.33370665],[     0. -24525.]
1454.2152431624536,[82769.02172323 -3003.11679069],[-20687.44809873    750.60477276],[     0. -24525.]
1451.1163035252669,[82780.06400642 -3101.70497858],[-20820.73691159    780.13690991],[     0. -24525.]
1447.9099776158055,[82791.5111345  -3200.04162099],[-20954.55086899    809.93128415],[     0. -24525.]
1444.5959912649967,[82803.36554754 -3298.13045217],[-21088.89375404    839.98907814],[     0. -24525.]
1441.1740723486917,[82815.62967068 -3395.97518477],[-21223.76938564    870.31149129],[     0. -24525.]
1437.6439507776129,[82828.30591443 -3493.5795102 ],[-21359.18161842    900.89973993],[     0. -24525.]
1434.005358487453,[82841.39667504 -3590.9470989 ],[-21495.13434279    931.75505734],[     0. -24525.]
1430.2580294291267,[82854.90433484 -3688.08160066],[-21631.63148482    962.87869393],[     0. -24525.]
1426.4016995591735,[82868.83126253 -3784.98664493],[-21768.67700625    994.27191733],[     0. -24525.]
1422.4361068303099,[82883.17981355 -3881.6658411 ],[-21906.27490447   1025.93601251],[     0. -24525.]
1418.360991182132,[82897.95233035 -3978.12277882],[-22044.4292125   1057.8722819],[     0. -24525.]
1414.1760945319666,[82913.15114273 -4074.36102828],[-22183.14399891   1090.08204547],[     0. -24525.]
1409.8811607658697,[82928.77856817 -4170.38414051],[-22322.42336787   1122.5666409 ],[     0. -24525.]
1405.4759357297744,[82944.83691206 -4266.19564763],[-22462.27145906   1155.32742365],[     0. -24525.]
1400.9601672207832,[82961.3284681  -4361.79906317],[-22602.69244767   1188.36576709],[     0. -24525.]
1396.3336049786078,[82978.2555185  -4457.19788235],[-22743.69054441   1221.6830626 ],[     0. -24525.]
1391.5960006771534,[82995.62033434 -4552.39558233],[-22885.26999542   1255.28071973],[     0. -24525.]
1386.7471079162485,[83013.42517583 -4647.39562247],[-23027.4350823    1289.16016622],[     0. -24525.]
1381.7866822135186,[83031.67229258 -4742.20144466],[-23170.19012209   1323.32284821],[     0. -24525.]
1376.714480996403,[83050.3639239  -4836.81647352],[-23313.53946719   1357.77023029],[     0. -24525.]
1371.5302635943144,[83069.50229908 -4931.24411671],[-23457.48750542   1392.50379565],[     0. -24525.]
1366.2337912309415,[83089.08963763 -5025.48776515],[-23602.03865995   1427.52504613],[     0. -24525.]
1360.8248270166926,[83109.1281496 -5119.5507933],[-23747.19738928   1462.83550243],[     0. -24525.]
1355.3031359412803,[83129.62003577 -5213.43655944],[-23892.96818724   1498.43670412],[     0. -24525.]
1349.6684848664465,[83150.56748797 -5307.14840584],[-24039.35558298   1534.33020981],[     0. -24525.]
1343.9206425188288,[83171.97268934 -5400.68965911],[-24186.3641409    1570.51759726],[     0. -24525.]
1338.0593794829635,[83193.83781451 -5494.06363036],[-24333.99846071   1607.00046345],[     0. -24525.]
1332.0844681944307,[83216.16502995 -5587.2736155 ],[-24482.26317733   1643.78042474],[     0. -24525.]
1325.9956829331347,[83238.95649414 -5680.32289545],[-24631.16296093   1680.85911695],[     0. -24525.]
1319.792799816725,[83262.21435784 -5773.21473638],[-24780.70251689   1718.23819546],[     0. -24525.]
1313.4755967941514,[83285.94076433 -5865.95238997],[-24930.8865858    1755.91933536],[     0. -24525.]
1307.0438536393594,[83310.13784964 -5958.5390936 ],[-25081.71994339   1793.90423153],[     0. -24525.]
1300.4973519451191,[83334.80774279 -6050.97807063],[-25233.20740059   1832.19459873],[     0. -24525.]
1293.8358751169912,[83359.95256601 -6143.27253058],[-25385.35380344   1870.79217177],[     0. -24525.]
1287.059208367428,[83385.57443497 -6235.42566939],[-25538.16403313   1909.69870556],[     0. -24525.]
1280.1671387100096,[83411.67545902 -6327.44066963],[-25691.64300593   1948.91597526],[     0. -24525.]
1273.1594549538136,[83438.25774138 -6419.32070072],[-25845.79567321   1988.44577635],[     0. -24525.]
1266.0359476979202,[83465.32337937 -6511.06891914],[-26000.6270214    2028.28992476],[     0. -24525.]
1258.7964093260493,[83492.87446464 -6602.68846868],[-26156.14207199   2068.450257  ],[     0. -24525.]
1251.4406340013318,[83520.91308335 -6694.18248062],[-26312.34588147   2108.92863022],[     0. -24525.]
1243.9684176612125,[83549.4413164  -6785.55407394],[-26469.24354138   2149.72692236],[     0. -24525.]
1236.379558012487,[83578.46123964 -6876.80635555],[-26626.8401782    2190.84703224],[     0. -24525.]
1228.6738545264682,[83607.97492406 -6967.94242051],[-26785.14095339   2232.29087964],[     0. -24525.]
1220.8511084342858,[83637.98443599 -7058.9653522 ],[-26944.15106337   2274.06040549],[     0. -24525.]
1212.9111227223168,[83668.4918373  -7149.87822253],[-27103.87573944   2316.15757187],[     0. -24525.]
1204.853702127745,[83699.4991856  -7240.68409218],[-27264.32024784   2358.58436219],[     0. -24525.]
1196.6786531342532,[83731.00853442 -7331.38601075],[-27425.48988963   2401.3427813 ],[     0. -24525.]
1188.3857839678437,[83763.02193343 -7421.987017  ],[-27587.39000075   2444.43485553],[     0. -24525.]
1179.9749045927883,[83795.54142857 -7512.490139  ],[-27750.02595193   2487.86263287],[     0. -24525.]
1171.4458267077084,[83828.56906229 -7602.89839439],[-27913.4031487    2531.62818303],[     0. -24525.]
1162.798363741783,[83862.10687371 -7693.2147905 ],[-28077.52703135   2575.73359758],[     0. -24525.]
1154.032330851086,[83896.15689879 -7783.4423246 ],[-28242.40307489   2620.18099002],[     0. -24525.]
1145.1475449150505,[83930.72117051 -7873.58398405],[-28408.03678901   2664.9724959 ],[     0. -24525.]
1136.1438245330623,[83965.80171907 -7963.64274651],[-28574.43371809   2710.11027294],[     0. -24525.]
1127.02099002118,[84001.40057202 -8053.62158012],[-28741.59944111   2755.59650113],[     0. -24525.]
1117.7788634089818,[84037.51975447 -8143.52344367],[-28909.53957166   2801.4333828 ],[     0. -24525.]
1108.4172684365399,[84074.16128924 -8233.35128681],[-29078.25975785   2847.62314276],[     0. -24525.]
1098.9360305515218,[84111.32719701 -8323.10805021],[-29247.76568234   2894.16802842],[     0. -24525.]
1089.3349769064166,[84149.0194965  -8412.79666574],[-29418.06306223   2941.07030983],[     0. -24525.]
1079.6139363558877,[84187.24020463 -8502.42005666],[-29589.15764904   2988.33227985],[     0. -24525.]
1069.7727394542517,[84225.99133669 -8591.98113779],[-29761.0552287    3035.95625421],[     0. -24525.]
1059.8112184530814,[84265.27490646 -8681.48281568],[-29933.76162143   3083.94457163],[     0. -24525.]
1049.7292072989349,[84305.09292639 -8770.92798879],[-30107.28268176   3132.29959393],[     0. -24525.]
1039.5265416312088,[84345.44740778 -8860.31954766],[-30281.62429844   3181.02370611],[     0. -24525.]
1029.2030587801166,[84386.34036085 -8949.66037508],[-30456.79239439   3230.11931645],[     0. -24525.]
1018.75859776479,[84427.77379496 -9038.95334626],[-30632.79292665   3279.58885665],[     0. -24525.]
1008.1929992915049,[84469.74971875 -9128.20132899],[-30809.63188632   3329.43478188],[     0. -24525.]
997.5061057520313,[84512.27014022 -9217.40718382],[-30987.31529847   3379.65957092],[     0. -24525.]
986.6977612221062,[84555.33706695 -9306.57376421],[-31165.84922214   3430.26572622],[     0. -24525.]
975.7678114600292,[84598.95250619 -9395.70391672],[-31345.23975019   3481.25577406],[     0. -24525.]
964.7161039053815,[84643.11846504 -9484.80048113],[-31525.49300931   3532.63226456],[     0. -24525.]
953.5424876778675,[84687.83695053 -9573.86629065],[-31706.61515987   3584.39777187],[     0. -24525.]
942.2468135762783,[84733.10996978 -9662.90417202],[-31888.61239591   3636.55489419],[     0. -24525.]
930.8289340775779,[84778.93953016 -9751.91694574],[-32071.49094501   3689.10625393],[     0. -24525.]
919.2887033361102,[84825.32763938 -9840.90742617],[-32255.25706825   3742.05449775],[     0. -24525.]
907.6259771829288,[84872.27630563 -9929.87842171],[-32439.91706007   3795.4022967 ],[     0. -24525.]
895.8406131252473,[ 84919.78753771 -10018.83273496],[-32625.47724823   3849.1523463 ],[     0. -24525.]
883.9324703460112,[ 84967.86334515 -10107.77316285],[-32811.94399371   3903.30736661],[     0. -24525.]
871.9014097035902,[ 85016.50573836 -10196.70249682],[-32999.32369056   3957.87010236],[     0. -24525.]
859.7472937315913,[ 85065.71672868 -10285.62352295],[-33187.62276587   4012.84332301],[     0. -24525.]
847.4699866387926,[ 85115.49832857 -10374.53902214],[-33376.84767964   4068.22982287],[     0. -24525.]
835.0693543091969,[ 85165.85255171 -10463.45177021],[-33567.00492463   4124.03242116],[     0. -24525.]
822.545264302205,[ 85216.7814131 -10552.3645381],[-33758.1010263    4180.25396215],[     0. -24525.]
809.8975858529094,[ 85268.28692915 -10641.28009198],[-33950.14254268   4236.89731517],[     0. -24525.]
797.1261898725064,[ 85320.37111787 -10730.20119343],[-34143.13606423   4293.96537478],[     0. -24525.]
784.2309489488289,[ 85373.03599889 -10819.13059954],[-34337.08821372   4351.46106081],[     0. -24525.]
771.2117373469964,[ 85426.28359363 -10908.07106309],[-34532.00564613   4409.38731844],[     0. -24525.]
758.0684310101853,[ 85480.11592538 -10997.0253327 ],[-34727.89504844   4467.74711832],[     0. -24525.]
744.8009075605167,[ 85534.53501941 -11085.99615291],[-34924.7631396    4526.54345662],[     0. -24525.]
731.409046300063,[ 85589.54290307 -11174.98626442],[-35122.61667026   4585.77935514],[     0. -24525.]
717.8927282119721,[ 85645.14160591 -11263.99840414],[-35321.46242272   4645.45786137],[     0. -24525.]
704.2518359617101,[ 85701.33315973 -11353.03530536],[-35521.30721072   4705.58204858],[     0. -24525.]
690.486253898421,[ 85758.11959875 -11442.09969793],[-35722.15787931   4766.1550159 ],[     0. -24525.]
676.5958680564038,[ 85815.50295964 -11531.1943083 ],[-35924.02130464   4827.1798884 ],[     0. -24525.]
662.5805661567069,[ 85873.48528167 -11620.32185978],[-36126.90439384   4888.65981714],[     0. -24525.]
648.4402376088395,[ 85932.06860674 -11709.48507257],[-36330.8140848    4950.59797928],[     0. -24525.]
634.174773512599,[ 85991.25497954 -11798.68666394],[-36535.75734603   5012.99757816],[     0. -24525.]
619.7840666600154,[ 86051.04644759 -11887.92934837],[-36741.74117641   5075.86184332],[     0. -24525.]
605.2680115374116,[ 86111.44506135 -11977.21583767],[-36948.77260506   5139.19403062],[     0. -24525.]
590.6265043275795,[ 86172.4528743  -12066.54884111],[-37156.85869107   5202.9974223 ],[     0. -24525.]
575.8594429120722,[ 86234.07194303 -12155.93106554],[-37366.00652337   5267.27532701],[     0. -24525.]
560.9667268736107,[ 86296.30432732 -12245.36521557],[-37576.22322044   5332.03107993],[     0. -24525.]
545.9482574986067,[ 86359.1520902  -12334.85399363],[-37787.51593014   5397.26804281],[     0. -24525.]
530.8039377797994,[ 86422.61729809 -12424.40010015],[-37999.89182946   5462.98960402],[     0. -24525.]
515.5336724190075,[ 86486.70202082 -12514.00623367],[-38213.35812428   5529.19917864],[     0. -24525.]
500.1373678299956,[ 86551.40833172 -12603.67509094],[-38427.92204914   5595.90020848],[     0. -24525.]
484.6149321414537,[ 86616.73830771 -12693.40936712],[-38643.59086699   5663.09616217],[     0. -24525.]
468.96627520009207,[ 86682.69402936 -12783.21175582],[-38860.37186893   5730.79053521],[     0. -24525.]
453.191308573848,[ 86749.277581   -12873.08494927],[-39078.27237394   5798.98685001],[     0. -24525.]
437.28994555520694,[ 86816.49105072 -12963.03163844],[-39297.2997286    5867.68865594],[     0. -24525.]
421.2621011646359,[ 86884.33653049 -13053.05451317],[-39517.46130686   5936.89952941],[     0. -24525.]
405.10769215412984,[ 86952.81611623 -13143.15626227],[-39738.76450968   6006.62307385],[     0. -24525.]
388.82663701087006,[ 87021.93190785 -13233.33957364],[-39961.21676479   6076.86291985],[     0. -24525.]
372.41885596099513,[ 87091.68600933 -13323.60713443],[-40184.82552636   6147.62272511],[     0. -24525.]
355.8842709734829,[ 87162.08052878 -13413.96163111],[-40409.59827468   6218.90617453],[     0. -24525.]
339.22280576414437,[ 87233.1175785  -13504.40574964],[-40635.54251587   6290.71698025],[     0. -24525.]
322.43438579972826,[ 87304.79927504 -13594.94217552],[-40862.66578152   6363.05888165],[     0. -24525.]
305.51893830213663,[ 87377.12773928 -13685.573594  ],[-41090.97562838   6435.93564542],[     0. -24525.]
288.4763922527507,[ 87450.10509643 -13776.30269009],[-41320.47963798   6509.35106556],[     0. -24525.]
271.30667839686663,[ 87523.73347614 -13867.13214879],[-41551.18541629   6583.30896343],[     0. -24525.]
254.00972924824111,[ 87598.01501255 -13958.0646551 ],[-41783.10059336   6657.81318777],[     0. -24525.]
236.58547909374627,[ 87672.95184431 -14049.10289421],[-42016.23282293   6732.86761469],[     0. -24525.]
219.0338639981333,[ 87748.54611464 -14140.24955159],[-42250.58978205   6808.47614774],[     0. -24525.]
201.35482180890494,[ 87824.79997142 -14231.50731308],[-42486.17917071   6884.64271788],[     0. -24525.]
183.5482921612958,[ 87901.71556716 -14322.87886505],[-42723.00871138   6961.37128354],[     0. -24525.]
165.61421648336062,[ 87979.29505914 -14414.36689446],[-42961.08614864   7038.66583058],[     0. -24525.]
147.55253800116992,[ 88057.54060937 -14505.97408903],[-43200.41924874   7116.53037231],[     0. -24525.]
129.36320174411233,[ 88136.45438468 -14597.70313729],[-43441.01579915   7194.96894952],[     0. -24525.]
111.04615455030367,[ 88216.03855676 -14689.55672873],[-43682.88360816   7273.98563045],[     0. -24525.]
92.60134507210185,[ 88296.29530216 -14781.53755392],[-43926.03050436   7353.5845108 ],[     0. -24525.]
74.02872378172754,[ 88377.22680239 -14873.64830458],[-44170.4643362    7433.76971373],[     0. -24525.]
55.328242976989806,[ 88458.83524391 -14965.8916737 ],[-44416.19297153   7514.54538981],[     0. -24525.]
36.499856787116514,[ 88541.12281819 -15058.27035568],[-44663.22429707   7595.91571707],[     0. -24525.]
17.543521178688785,[ 88624.09172172 -15150.78704638],[-44911.56621794   7677.88490091],[     0. -24525.]
